urlid,label
5865,0.9271342469039552
782,0.01342281879194631
6962,0.5172413793103449
7640,0.13784049885132924
3589,0.051023464802795813
6719,0.9073856975381009
3905,0.16033254156769605
9841,0.9954075483806233
7447,4.971976134514554E-4
4776,0.8513397773155512
2879,0.2727272727272727
2620,0.40000000000000013
10479,2.3962312075567562E-5
1105,0.391304347826087
1849,0.9385474860335195
8286,0.6923076923076921
8344,0.8290488431876608
10486,0.9291677124450021
8661,0.9955718830977137
7188,0.1263157894736842
1433,0.9923668510936565
677,0.8490566037735848
469,0.9513513513513513
6988,7.877737513786044E-4
8024,0.9019963702359346
6896,0.14285714285714288
9154,0.7745344740815299
342,0.4000000000000001
50,0.6211096075778078
983,0.8181446669391089
6933,0.13118085346579358
8271,6.339294911923419E-4
5602,0.004310344827586209
4505,0.7887323943661972
4966,0.8268939547783303
2390,0.1279620853080569
6736,0.9957230271043169
4660,0.999726357267951
7560,0.5674229203025015
3840,0.8289473684210525
5823,0.6999999999999998
5789,0.8778696051423325
1595,0.0012978585334198574
6770,0.9378413758858846
3522,0.9763779527559054
5584,0.9755190788607145
8323,0.8864657741615023
3862,0.6178937558247903
373,0.4000000000000001
7345,0.9461657629744383
7708,0.1542678151918559
1398,0.9849343692638043
4298,0.8361726209478483
7467,9.010632546404761E-4
1878,0.05552470849528043
1832,0.3173553719008266
625,0.0013482237152551517
7438,0.002079002079002079
9961,0.999478752297605
7117,0.004108590034614871
8190,8.132737019120644E-5
1713,0.523809523809524
949,0.1488833746898263
9246,0.001642036124794746
2326,0.003181709714441553
8942,0.8932450992633286
4458,0.1363636363636364
4659,0.33333333333333354
9522,0.06043956043956041
2497,0.9974490289019854
9836,0.6
3808,0.8139904610492846
5575,0.2243399121174528
5714,0.009944751381215469
2490,0.04770318021201414
6812,0.8900554912371751
4335,0.007414272474513436
10014,0.9995930483296787
5889,0.9694646128791478
482,0.028527921426868913
8082,0.004182527451499587
5856,0.9978958771272783
8866,0.0010277492291880781
2624,0.8131549662283696
1371,0.9624556481557885
4436,0.02762839957611648
2972,0.9773908561490348
3638,0.756379071157613
6249,0.8000000000000003
7602,9.6732690870231E-4
9624,0.9773325732102414
7567,0.35862068965517246
6578,0.08045977011494254
7590,0.3076923076923078
8590,0.38199656332890025
10520,0.9393502982215399
1906,0.0010961907371882704
1373,0.029350883711055677
1601,0.986775078369906
4754,0.391304347826087
8208,0.6383208598278094
1658,0.9703734439834024
1352,0.7962855484619848
8143,0.4666666666666666
7760,0.16000000000000006
7836,0.9852639099758864
9769,0.0014328928514567752
503,0.3748953974895397
4909,0.015622287797257422
7162,0.005178957482584677
10035,0.08135315462952125
1992,0.7446808510638299
6133,0.1764705882352941
8519,0.9726888902614419
1879,0.6557377049180328
7107,0.974345818368394
1225,0.270352637518576
2451,0.38404756069735413
8252,3.408722921957288E-4
9214,0.21143847487001743
4850,0.707654133374491
5891,6.361161293605762E-5
5274,0.17926296064959402
8623,8.351086493395824E-4
562,0.3226498684757027
860,0.7840000000000001
4199,0.653413205187282
7616,0.3022026431718061
10544,0.16890428757037682
1567,0.9986044347960924
6552,0.00493844580055734
954,0.003790489317711923
111,0.2998795664391809
7036,0.1984117287721441
1995,0.9045102219253175
7095,0.372093023255814
10180,0.27293404094010626
6872,0.6741396288670343
4805,0.9959916730982472
355,0.09283819628647212
8097,0.9263334535696622
9271,0.9965880173063344
431,0.7483501979762429
1646,0.4865835622226918
143,0.998922831660132
3436,0.002821287477678514
150,0.8548416959822256
9745,0.5764705882352941
715,0.006896551724137931
578,0.9960474308300394
8684,0.9996480979218964
1186,0.9801801801801803
9115,0.5884658454647257
9239,3.856759501048091E-4
5461,0.9878160945475314
5424,0.9936301839203966
1349,0.8736743605739239
609,0.9254416150493232
7569,0.9753160746538229
1622,0.7599874667084442
6541,0.09705159705159706
9873,0.05648267008985875
305,5.949515655339151E-4
6041,0.07894736842105264
5360,0.7272727272727273
8445,0.8321678321678322
7260,0.14001652972920414
4526,0.6369636963696369
138,2.449479485609309E-5
168,1.2319519045976446E-4
7888,0.14893617021276595
4639,0.9125506072874494
867,0.004444444444444446
9673,0.9996057021329142
710,0.1618871415356152
4749,1.619433198380567E-4
4716,0.13333333333333341
410,0.058376307659108284
2155,0.9975541542158938
3289,1.5429524192022662E-4
7774,0.010620165202569823
1200,0.5384615384615385
9057,0.04142011834319527
2261,0.2
9612,0.27210261108566186
4987,0.06734611577519523
3605,5.875440658049356E-4
5068,5.99803478542884E-4
4474,0.9929828579750011
5831,0.9882448801705213
4729,0.5266397559772781
10060,0.09705371368826145
6895,0.6923076923076923
3791,0.009912496223114768
7910,0.08718861209964414
4209,4.5946585656171765E-4
4984,0.7347740667976422
1773,0.39622641509433953
2101,0.9509618851676669
7251,0.13963553220735736
2887,0.2571638501102131
875,0.97457633080316
8185,0.8090452261306532
9688,0.996023853141826
5342,0.20110575383219792
6802,0.6799999999999999
3077,0.06131698213809653
712,5.56339287488327E-4
3026,0.391304347826087
2640,6.979252585495844E-4
4872,7.023385271700961E-4
3334,0.7959954665659236
2431,0.5789597945842262
9218,3.777861730260673E-4
7417,0.7841279241930708
3563,0.7473684210526315
1006,0.960392304790645
8940,0.9630818619582665
7703,0.03921568627450981
2686,0.15658982166159197
8159,0.9798449612403101
37,0.0214765100671141
65,1.641443156823479E-4
1910,0.27999999999999997
2202,0.37865737392333493
9717,0.5199461164008206
2388,0.9211551687330484
2365,0.04146219474183984
5072,0.8363365086652128
4614,0.5138378169150376
6955,1.5674595399506254E-4
4094,0.24324324324324326
3319,0.9991347702183702
1456,0.9966659612205133
5381,0.991750148464683
4479,0.8000000000000003
4766,0.04545454545454548
6076,0.34905660377358494
8064,4.063388866314506E-4
3416,0.9046245636517513
4892,0.2185430463576159
9942,0.9979315566474184
9215,0.2
4506,0.9886045296994445
9275,0.13103448275862073
1306,0.987869915471906
6828,0.3391848321896655
8368,0.1545678619702632
7205,0.96
360,0.9924981245311327
3386,0.9936268829663962
3835,0.0015652514185090977
1305,0.1363636363636364
7963,2.0252443724995686E-5
2073,0.9875381643716119
4230,0.006651884700665189
9012,2.393761947076897E-5
2723,0.9978866219094016
6788,0.8865393560729852
7945,0.888448190381755
4868,0.20946235535025487
6597,0.6684856753069577
7323,0.10909090909090907
6229,0.15651388366333147
3427,0.4757281553398057
7727,2.1949824939554498E-4
4707,0.9994448222737302
2547,0.8048427900252982
4523,0.9984343547304853
9648,0.3859649122807019
1084,2.5435800156363675E-4
3327,0.9962349397590361
5591,0.08376963350785338
186,5.8203491045392904E-5
2938,0.9261259315260828
9912,0.39307925079929806
6047,0.003574549209627453
2417,0.3516092814371257
10533,3.0003000300030005E-4
1137,0.26229508196721313
1533,0.9485746779736445
9233,0.8575571043394211
43,0.0223868995180598
8986,8.950147677436682E-5
6000,0.6269727403156389
480,0.0076569678407350655
2457,0.6794425087108017
5362,1.3740982480247338E-4
7722,0.6013422818791945
7940,0.024404328029004975
6104,0.09833237492811962
8853,1.3791418585315686E-4
5813,0.9976967724104043
4769,0.7443142660234321
2544,0.06896551724137931
6379,5.32144876442612E-4
5262,0.8973988439306358
9885,8.016032064128257E-5
10081,0.9768030366933783
1315,0.022624434389140267
3388,0.001635404930182826
3473,0.9552936395041659
2117,0.2222222222222222
9411,0.04545454545454548
9379,0.14777189121033488
4236,6.940341021367574E-4
2049,0.0064149339576199975
4786,0.02818371607515659
1604,0.6470588235294119
7659,3.561977081975606E-4
8152,0.9968625571237255
5417,0.6935907335907334
160,0.16708254202379086
6826,0.715600929766191
1815,0.6684550748968057
3647,0.9940623453735775
5605,0.007082772249523446
3526,0.9961648043499712
3854,0.717669598112435
1053,0.9445287527041426
2411,4.533091568449684E-4
6015,0.058823529411764705
2089,0.9991069424804411
7745,0.9667077681874229
6816,1.4600458454395472E-4
3934,0.8578386205080952
6547,0.4117647058823528
3758,6.648308005612569E-5
7158,0.9832089140701653
1584,6.171187877560146E-5
2982,0.5759603801365278
7679,0.06197036121889636
5286,0.6604587101024014
3776,0.9828309805417779
1235,0.9744318181818181
6294,0.018181818181818184
1012,0.5652173913043477
10318,0.003646071088567739
7134,0.0019018638265500204
5180,0.4817024904097911
2108,1.0365315167772987E-4
3639,0.9089282810213043
6729,0.45873613513788536
2472,0.13136729222520105
10235,0.002800083308263718
190,0.9661567582079352
4713,0.10688398063640323
6827,0.005008586147681742
6108,0.3350682268040017
1114,0.9998913592880665
4848,0.24324324324324326
606,0.9670891796947223
1573,0.8424507658643327
8546,0.27139552814186585
5193,0.20588235294117652
2936,2.676011317573939E-5
5104,0.9341443336687094
6712,6.837139340899771E-4
3055,0.750795334040297
74,0.9908925318761385
7726,0.998975039189678
9183,1.4170327334561423E-4
162,0.010118803957372234
7288,0.7123287671232877
8657,0.15624999999999994
1295,0.4009720534629407
8207,0.4081632653061226
4433,0.006842209142851361
590,0.19492158327109785
10549,0.9516697718110485
7749,0.19519404612720848
405,0.24072061238176717
10267,0.04622871046228708
7133,0.10909090909090907
7584,0.5456046223689639
6616,0.9539443384433186
1719,0.6315789473684211
9761,0.5781262874563979
5859,0.003226252477301009
5662,0.9990729314783612
1736,0.5
9333,0.3790940766550523
1102,0.9122879602813405
2790,0.9892205831106982
6598,0.15893197711379525
7995,0.9979365760461648
4452,0.9494886007358944
159,0.22222222222222227
511,0.9008998256213323
7006,0.969900548170738
1123,0.9970165403792335
6073,0.701492537313433
7094,0.20893731880435878
10008,0.9791840133222315
7573,4.8663491953144004E-4
679,0.26574489999514656
6809,0.04867872044506259
1108,0.001953759679372296
380,0.0015946137491141036
204,0.0174020747980967
7075,0.008445194059010497
2550,0.5272184482285924
9785,0.23216187433439842
5036,0.17647058823529413
3129,0.0019228304063581604
6495,0.9430396133597997
880,3.400798382600004E-4
2360,0.48571428571428554
7839,9.348526816943347E-4
350,0.31954289020685667
9151,0.993587013702748
6650,0.04408602150537636
7208,0.6973848069738481
5840,0.023471952202570062
5997,0.01621921108653771
2103,0.4246540927460749
713,0.8105881238753668
7771,0.6530870190235997
10255,8.232214301002685E-5
3944,0.9460565702538032
4250,0.7164023236081196
2833,5.48544847655382E-5
3052,0.018726591760299623
7855,0.19815720839916992
4152,0.9245283018867922
4445,0.9986364983697263
10036,0.8448275862068966
9727,0.9278098371643635
2234,0.10046044370029303
9632,0.030814019073921298
626,7.832386919913843E-4
1644,0.3999999999999999
4859,0.9013839861041071
3987,0.006756756756756759
5884,0.9953005989161864
4112,0.9429054768449989
10392,4.7358797420029805E-4
2962,0.3146853146853146
21,0.5
8524,0.9791693798456003
2543,0.06896551724137931
663,0.011349306431273647
2748,0.7894426770354661
3451,0.0011325028312570787
964,0.030145955531305422
10560,0.012225312509551023
2428,0.4000000000000001
4520,0.11900383544370303
7660,0.9885877318116976
6583,0.7839999999999999
10390,0.5217391304347824
688,5.606461301297045E-4
7957,0.9993514389947303
3356,0.7567567567567566
1766,0.0677142706817026
9128,0.5454545454545453
2340,0.6
9421,0.18561484918793505
7712,0.34086936254515793
8200,0.8368365738307932
8762,0.08860759493670885
6446,0.0010961907371882704
5194,1.2054005891340589E-5
960,0.1649484536082475
779,0.4660097739282451
3584,0.9165829762114672
3011,0.0016245853922696814
2769,7.266195623425054E-5
1392,0.011349306431273645
7254,0.013245947752529958
9084,0.8435809149040826
9622,0.1204460966542751
3665,0.7741935483870969
1609,0.930011862396204
6130,0.009896907216494848
10155,2.166115218950489E-4
7826,0.9998655178906033
8300,4.09817403579072E-4
5038,0.42168674698795183
7582,0.9985899684716951
9561,0.12650154140533648
7430,0.84
5045,0.9333333333333333
10421,0.11267605633802816
5675,0.09999316286065908
4687,0.034561139470295266
4944,0.5636363636363636
5105,0.005419840769803541
148,9.400655956882325E-4
6371,0.06896551724137935
8108,0.06073992269464386
4354,0.391304347826087
6077,0.988962472406181
4292,0.02702702702702703
10068,0.391304347826087
5821,0.45999999999999996
1042,0.9927007299270073
7715,0.18881118881118886
9703,0.4000000000000001
2761,0.004992657856093975
7002,0.06711129637348895
7313,0.06461838575957085
9050,0.8651685393258427
5518,0.7781613730518839
10556,0.9661971830985916
1078,0.8086560364464693
9699,0.30769230769230776
10445,0.9639345967783886
8748,0.7716843872411864
2960,0.02803738317757009
4317,0.027444253859348195
939,0.1551724137931035
8423,3.354641085112499E-4
5196,0.010936567906144366
8151,0.6869458881076121
7199,0.9797528813207351
1574,0.07547169811320756
8566,4.8567265662943164E-4
7389,0.09262759924385636
1177,0.0036188919082223163
10282,0.9931008529854491
10098,0.8
4512,6.413545407901488E-4
4055,0.9356003317558667
8431,0.8596491228070176
4532,0.9520865533230292
10450,0.1818181818181818
5754,0.3306010928961748
1882,0.9920780855177512
1563,0.943078913324709
4871,0.8718861209964412
8440,2.1154096423079222E-5
3253,0.3552631578947369
8270,0.1500993565480697
4610,5.407696467458821E-4
9619,0.006664889362836576
8786,0.014586709886547816
2889,0.949754099608691
9781,0.19749216300940436
5061,0.9472759226713532
7059,0.8215095443692116
2064,0.9999490734388788
1587,0.2198581560283689
1934,0.764705882352941
5516,0.0278063851699279
9853,0.6536312849162013
7867,0.015539153116155176
1556,0.03614457831325301
5495,0.13846153846153847
4274,0.9062885326757092
8177,0.005034912873215506
9491,0.8394337016574586
9813,0.002399232245681381
2205,0.0013234515616728421
2710,0.8571428571428572
2992,0.6924979389942288
7998,0.9762711864406779
6428,0.9806208772779785
6638,0.5478260869565216
3035,0.6
1578,0.5494132985658408
1324,0.85310119695321
2316,0.5953581363004172
9326,0.02970297029702971
7359,0.9988838707136769
7741,0.9
5143,0.823529411764706
8196,0.023607727413100913
630,0.2816901408450704
8481,0.9022403258655806
8497,0.5384615384615384
5409,0.9996072053175176
5749,0.9411764705882353
8219,0.3076923076923076
9571,0.9862888250538714
4886,0.9951575645289924
5367,0.02122347066167291
1185,0.3829787234042552
8291,0.8909090909090909
1590,0.08169389796598864
7698,0.5719063545150502
51,0.7567567567567567
8784,5.225411174541798E-5
3928,0.8852459016393444
5987,6.520456456797594E-6
7008,0.9246453900709217
7482,0.2532790821097325
9374,0.8623662093240428
1296,0.46303501945525294
10289,0.2888785818573965
2986,0.11267605633802816
4651,0.0608695652173913
8594,0.6086956521739131
7469,0.9480712166172106
2871,0.12986353718085092
1903,0.9482544396281064
8571,0.9998689118024845
4832,0.7858017135862914
1242,0.9657000757456661
7115,0.30000000000000004
3599,0.7567567567567568
2065,0.005263157894736843
4529,0.6363636363636365
763,0.30769230769230776
6698,0.8833189282627484
2002,0.2887687354019381
2020,0.9286584104956
5229,0.9061875669571763
8243,0.9355608591885441
6936,0.9541703993587628
9360,0.0037380202803972127
4360,0.0514923238295032
7951,0.29999999999999993
6701,0.010706638115631696
7574,0.8150943396226416
2426,4.999500049995001E-4
1681,0.9679930259447983
7135,0.2
3688,0.7524173600179898
3872,0.4000000000000001
558,0.009925107515852735
2228,0.8194917674216248
8170,0.011080332409972303
7171,0.7046632124352332
7756,4.2718612499466036E-5
3609,4.21896424427803E-4
3985,0.02702702702702703
1139,0.9939404357729168
3453,0.9208731241473398
7583,0.5912408759124088
9788,0.7605321507760532
10175,0.22222222222222227
6059,0.005116058739933681
104,0.0023992322456813826
10168,0.6842105263157895
8902,0.11693477694959924
5343,0.9991966558570672
4239,2.462381371164851E-4
6767,0.6000000000000001
6269,0.9521785334750266
6682,0.4239903394606198
9558,0.3638340519344677
2416,0.00351493848857645
6592,0.004780124125856932
6196,0.0334128878281623
2751,0.9471336527341813
3412,0.3
8302,0.9691106439572698
1120,0.8132719580877008
8005,4.2364691038553385E-4
6637,0.7333333333333333
6440,2.8577144000228612E-5
6679,0.6923076923076923
8039,0.9994675490314815
5357,0.9211594202898551
8844,0.9962096062833891
2964,6.611735542168297E-6
6040,5.6473920452138906E-5
7259,0.9947807933194155
8974,0.9744360902255638
7439,0.03076923076923079
1045,0.3142857142857144
7706,0.15059355185943857
9724,0.135593220338983
3698,5.681495369581273E-4
7339,0.9998868472094933
1749,0.9331580049805667
7257,0.30603912673660344
2963,0.634867277153124
7775,0.07030129124820658
10501,7.992758368321712E-4
4258,0.8770649250864387
7908,0.4046064745440691
722,0.9501385041551248
6519,0.8804347826086957
6916,0.7175398633257403
4456,0.9963072083330297
2731,0.36112934996717005
917,0.7122538776881521
4107,0.03569703855348624
7894,0.5384615384615384
2540,0.8350390477933939
8455,0.9834513545536635
10406,0.8729118281598152
8909,0.23811734806089768
5489,0.41233234473905545
306,0.9816824243714513
3894,0.75
2735,0.09197324414715721
4939,0.805110868052103
1551,0.5765124555160145
777,0.061010101010101014
2160,0.9185046954952574
8599,0.9431009957325746
2727,0.31744346333565093
6362,0.3333333333333333
1417,0.9952196231897963
10343,0.9744245795891366
4866,0.9904243825459172
2682,0.038236043843996946
9856,7.158708568974159E-5
4498,0.12903225806451618
7450,0.36829342224916634
6899,0.2920353982300886
5649,0.010001056163526607
6086,0.004899719082772589
1618,4.7009049241979097E-4
9926,0.7777777777777777
2847,0.3999999999999999
8099,0.8571428571428572
5724,0.0827586206896552
3358,0.08095117632178095
8136,3.358240282092183E-4
955,0.01476744569337772
8819,3.532632694515588E-4
5832,0.018047579983593114
10413,0.9512477894575587
6548,5.570299315111937E-4
8407,0.26315789473684215
10090,0.04775549188156639
8564,0.2222222222222222
808,0.8052983739204855
5303,0.2960355473483755
8913,0.9189797449362341
9425,0.7341905974238925
9543,0.508835452005195
1219,0.9998784336892297
9575,0.49606299212598404
4019,0.9656608931836607
6223,0.9953496404297573
9588,1.8783032077579613E-5
4739,6.347069449466887E-4
10492,0.012867390104837223
2017,0.7
5524,0.998387349447552
7449,0.16165019666500274
5734,1.8859206593178622E-4
5456,1.8616575667071804E-5
797,0.8617760617760617
5525,0.7403846153846155
8265,0.9719085361576769
1981,0.9941307665218921
8977,0.5000000000000001
6241,0.8385159575056977
6021,0.3636363636363636
7720,0.27027027027027034
8632,0.8658008658008659
6705,0.25572059413890014
2476,0.18333333333333332
3510,0.9991261203506352
8887,0.9872315728380732
10115,0.6453632732376118
9061,0.999659348978047
5570,0.004435655679496567
2763,0.9071005993648713
1437,0.8582565556343019
3448,0.20668867518300563
3529,0.13617021276595745
3156,1.9985530475935425E-5
4604,0.7032967032967034
6776,0.9868663723243727
10227,0.8532958450484224
1545,0.8226897069872277
10487,0.12114537444933918
993,3.6520012515994403E-4
1161,0.8942982479265635
7975,0.9984789830042884
1591,0.0021818181818181823
7804,0.999347467581003
5048,0.004918133568310826
10454,0.9911989047525914
3567,0.8896848137535817
5886,0.46666666666666656
9937,0.7795275590551181
3931,0.9126911947085573
9706,0.794864904617878
10193,0.6311475409836066
5569,0.1287955006514819
9747,0.2919708029197079
2217,0.1064212623497338
5936,0.0608695652173913
3885,0.38709677419354865
1086,0.0165319143440188
1799,0.8674911660777386
9763,0.5624999999999999
3299,0.001815823605706875
8268,0.8087831655992681
473,0.4498681366305342
337,0.9969694626595397
9381,0.1707434035300116
6426,0.45252525252525266
1210,0.029702970297029688
4986,0.9639556377079482
8285,0.36738519212746007
2024,0.9166267369429804
245,0.9861386837080799
4807,0.9979466119096508
2208,0.6491222543127247
9835,2.8612467024131752E-5
8963,0.2461538461538462
9946,0.5189107413010587
5230,0.8
2788,0.04526166902404527
674,8.926908029559713E-4
1629,0.08769196234038906
2300,0.05161290322580646
169,0.0019801980198019802
3575,0.005604799520632531
6910,6.474587245063125E-4
1479,0.0017476406850751485
10498,0.7000000000000001
8062,0.2666499325831264
9672,3.4688560625562545E-5
9467,0.6998455087177224
6763,0.9248591108328115
8508,0.13181984621017945
1034,0.39266236985622205
3756,0.04796269568113692
9263,9.797198001371608E-5
8141,0.7062041360907273
532,0.991687679762094
7022,0.13123738102105564
4024,0.09090909090909087
3298,0.026812313803376366
5641,0.004125385949193294
10455,0.56
5206,0.9922958397534668
7005,7.033104418684139E-5
8971,0.13861386138613863
8358,0.9949265408283764
257,0.4087776281391113
78,0.9872783681517027
6333,0.5810344827586208
7969,0.423271207106776
2505,0.8953185955786735
2004,0.9815234520350448
3748,0.9934661228368907
5668,0.7200000000000001
365,7.08505275811851E-4
9651,0.08695652173913047
2324,6.734777718661394E-5
3902,1.3381601683742884E-4
9294,0.2840959913800637
5377,0.05839416058394162
2817,0.9985243710172402
7670,0.590256089943785
4755,2.888670633774336E-4
255,0.9257802878803838
2714,0.6464646464646466
2922,0.5000000000000001
5517,0.8630904723779024
5157,0.013634287950942656
64,1.3999249640219284E-4
5300,0.021498771498771496
451,0.23580786026200878
3941,0.029931652132924837
326,0.051612903225806465
3757,0.9333333333333335
8798,0.09999999999999999
2315,0.6617745756892075
6755,0.5568681861344008
2916,0.7674236491777604
7406,0.9425037353658767
3703,0.7020217109849616
5403,0.9655172413793104
622,0.02744425385934819
9,0.16005964955884178
5848,0.9691040164778579
8670,0.027027027027027018
1156,3.0205354880826673E-5
10179,0.14809053433927055
2028,0.3448436770881943
3924,0.010223005310531889
620,0.01700311008065701
1963,0.9047124853403824
4537,0.09677419354838711
8970,0.006553002022779227
3024,0.9966736965913408
6140,0.9988731319995839
1866,0.7826273919587188
4442,0.9994201029303291
2312,3.238341968911917E-4
6749,0.16755319148936176
459,0.05617977528089887
1516,0.001528449992217457
8817,0.17647058823529424
4912,2.396686472012149E-4
2076,0.9792928183729175
10023,0.12727272727272726
7684,0.4074895062019527
3531,0.004399767790033303
6209,0.48387096774193555
10508,0.9969094120091418
8678,4.102304003102835E-4
3541,3.42817963661296E-4
1208,0.0343597396125247
4090,0.3
1097,0.004286394665819971
5099,0.9992319213487462
2816,0.6923076923076923
4291,0.16
1409,0.2609478104379124
6401,6.699511451011111E-4
4617,0.32661475034356385
6111,1.3850607349132258E-5
6172,0.9958617835190693
10357,9.173501491543391E-4
8465,0.9578462974761396
3867,0.5693036335380744
9495,0.3154598186323904
4348,0.4661654135338345
7879,0.18947368421052635
9273,0.7140690701040877
3252,0.869464519311188
9167,0.16000000000000006
2573,0.07030129124820658
7395,0.0017817670306115618
9046,0.05044838211304924
1526,5.034501140166436E-4
9339,0.2703180212014134
10301,0.8108979278587872
7588,0.963144963144963
1104,0.013862415525905392
1310,0.07692307692307691
6631,0.3
10475,0.27036734693877557
9090,0.6082989297310095
1528,0.09526049629542513
1657,0.9997437869993121
1175,0.5726756415649982
1895,0.18793503480278426
3864,7.791777946524354E-5
4700,0.40201005025125625
3572,0.02495046908005977
10507,5.889454930946142E-5
269,0.8738358379629775
5744,0.5984095427435387
1687,0.02297530155083285
3020,0.0028490028490028483
4974,0.9836141768881116
5119,0.7105263157894737
1916,0.9966101694915254
6687,0.9997160396414535
2197,0.892324182860961
8641,0.969097651421508
10073,0.3806982788389891
1967,0.0651855428562022
4999,0.03436185133239833
9816,0.19657662476598034
734,0.7100591715976333
9665,0.9613733905579399
5092,0.09505595852881242
2591,0.990089410750835
9877,0.995627411076761
4601,0.972809667673716
7734,0.782608695652174
7185,0.9998242743078054
6405,3.5650261790740083E-4
7003,0.056876938986556366
928,0.9130309159202544
6490,0.005076142131979697
1586,4.712368789981503E-4
10139,0.980161910611903
1192,0.9987283525299028
10526,3.7872639722988686E-4
5544,0.903089028778711
8779,1.1658448603386434E-4
4497,0.0357142857142857
3059,0.7352561343090832
2181,0.19900497512437815
2303,0.9991504177458368
1190,0.9890515881955395
1468,1.511670386927487E-4
8771,0.6644067796610169
8997,0.11267605633802821
6365,0.998843813877158
10355,0.011349306431273645
3478,0.3148553501425271
3764,0.4774066797642435
3542,0.6511627906976744
4941,1.0208326421445654E-4
1840,0.007262031106059057
463,0.08141901715614999
7407,0.256384576865298
7711,0.3253012048192771
6044,0.0017496473367086948
3750,0.9880930235374734
10114,0.006422018348623852
1332,0.9785021497850215
425,0.5764705882352941
3479,0.9991237030362361
1979,0.8905690409868683
2994,0.9858241452793478
207,0.06459189665296537
5820,0.22022026245833154
9187,0.7818499127399653
5423,0.01074471291209288
2743,0.04753043485454915
2902,0.9924574294836908
9126,0.9981069511511015
7903,0.03846153846153846
4100,0.9960193496352193
3578,0.032258064516129024
6061,0.9990526600867949
5081,0.7777777777777777
4575,0.3
6695,0.9976905311778291
5960,0.05278867636495209
10186,3.131488167201549E-5
6795,0.06443914081145585
10022,0.9263408486206415
5841,0.8356151059018068
7481,1.7986824650943184E-4
9331,0.3
400,0.1261146496815287
6907,0.02970297029702971
10393,0.19430295345735957
3709,0.9995793901156678
4726,0.9963613877177773
3007,0.0014496955639315748
4723,0.07620528771384137
597,0.30000000000000004
1810,0.09749303621169915
4131,0.0026875770702248078
4697,0.9973693729242709
8838,0.9824241040858251
5956,3.495903436790889E-4
4196,0.9988320195867862
63,0.9884422527531147
1714,0.0012385110254882683
904,0.5474860335195533
9715,0.0032163583448340713
4,0.30769230769230776
5462,0.2853453841187864
259,0.018715134065143055
5418,6.387784511922159E-5
6849,1.0703216167802641E-4
9893,0.09364161849710984
10003,0.9996952090675302
4976,0.061559507523939835
7611,0.9979925322198577
900,7.659314969460207E-5
3746,0.21951219512195125
3893,2.539037704709916E-4
2966,3.3808664371809654E-5
9667,0.9900419010549049
9734,4.6643241394321957E-4
8123,0.9863612603598108
8470,0.999587280679082
4058,0.9818151203906381
4623,0.961481586355576
3782,0.5483846554089209
7966,0.4909090909090909
6003,0.9978473646022441
2168,0.3
422,0.1403812824956672
6381,0.8400000000000001
1136,0.1849825488161494
3443,0.3506763787721124
2214,0.39614561027837264
9973,0.6603260869565218
1593,0.4087591240875913
5474,0.9734322642412637
812,0.6773818809432928
4703,0.5242718446601942
4294,0.9168467914569213
10021,0.988407437958048
395,3.3802131337054573E-5
3237,0.8499534016775396
9099,0.7061698717948719
2401,0.9702970297029703
10371,0.8790393268275579
3420,0.9694197595399895
3460,0.9963525879342178
9088,0.3225806451612903
5995,0.9936403569171202
3084,6.387934055802922E-5
3595,0.0039254170755642775
9524,0.9675064751589356
167,0.2643531356103415
9743,0.6712959568049994
6109,0.12849162011173187
433,1.7930079860575702E-5
6292,0.5044737110462325
8125,0.07804878048780492
4035,0.2074376109380948
2929,0.7905544147843941
8810,0.9829393159288726
4403,0.07818930041152264
3925,0.2370796807536309
1290,0.7499999999999998
3689,0.22628713344158938
6709,7.93287336046074E-5
8021,0.005917159763313609
6237,0.9505741387918123
1453,7.283321194464677E-4
7340,0.6431327968553987
6078,6.063408090102247E-4
2369,0.06685069385762304
1781,0.016332244517032204
3830,0.44792973651191964
7625,0.0025836455238341296
8150,0.005530998629769065
1680,0.9601104633323105
7077,0.003011846596613347
3360,0.9878307469018643
7927,0.407850721089555
244,0.4996040727945451
8107,0.9993820271860989
820,0.9898175073098266
5915,0.9897606261945936
924,0.017436791630340013
9207,0.7241379310344828
4077,0.1807220306889837
6052,0.9692307692307692
508,0.3405443126308445
8105,9.362321855820243E-4
4405,0.7567567567567567
7558,0.22222222222222227
6094,0.5912408759124087
484,0.9164985881403793
8927,0.18054474708171214
310,5.875440658049354E-4
8075,0.6923076923076923
1094,0.9045323047251688
3211,0.72
1700,0.012502102188398537
4816,0.9364387333639284
9354,0.29241877256317694
8845,0.034536196590657535
7530,0.5834970530451866
1520,0.004165614743751578
1087,0.9992528063471605
5786,0.7015902455950285
6847,0.9634283418583228
999,7.434944237918213E-4
5308,0.09090909090909091
6569,0.9981873096889378
10200,0.018707482993197286
5868,0.9990646545124007
1757,0.009318578916715205
4625,0.756756756756757
2955,0.9759347116374246
6187,0.12816953343600201
9931,0.34575937865624456
4883,0.5447470817120623
2488,0.1020337130476239
156,0.9714426258181044
2820,0.8
1311,0.0020882639565641095
1517,0.00176056338028169
3640,0.08474576271186446
5763,0.07669377369169927
6689,0.49668874172185445
1193,0.9545454545454545
8217,0.9952380952380951
10327,0.9037433155080213
5042,0.19722425127830537
6903,0.014396538571378266
2068,0.3198516213952375
7614,0.11267605633802821
8842,0.08179608179608182
2445,0.7664233576642335
10276,0.013505365971301097
4931,0.8341968911917097
6842,0.026229508196721305
5927,0.020725388601036277
6207,0.10256410256410263
4539,0.005544321962037701
8721,0.06753645433614733
3618,6.603314864061759E-5
2580,0.23549119503821006
5321,0.9988810493270754
3181,0.08898776418242495
4742,0.1428571428571429
3340,0.23861318830727382
8310,0.9740581783500238
3948,0.5333333333333334
2126,0.9048233169976786
10436,0.45608108108108125
9635,0.6029913626124159
9022,0.07209472912082152
8576,0.01824895809231364
2522,0.027099289187093787
7341,0.956786171574904
7377,0.8924467879561889
7636,0.8861213000085302
2536,0.8443738877645917
2706,0.32650527622594666
4814,0.0072622636338723
6032,0.45161290322580655
2630,0.995113779142817
1857,0.3
5412,0.9877516681650597
1957,0.9940551137178648
9805,0.32530120481927716
9256,0.0017270604790993694
1055,0.6220418624519437
8439,0.7446808510638299
317,0.6973560996991494
6126,0.09677419354838712
9970,0.011979960792855588
6008,0.9
2811,0.1272984441301272
10214,0.029243583383378152
10337,2.833663927458204E-4
6563,0.07340324118207817
5611,0.9143598615916955
6358,0.8190709046454768
8446,0.0019398642095053353
974,0.5739130434782609
4839,4.7238887051821066E-5
4806,0.9539220024018709
4597,0.012159927364700542
4649,0.9875196450032356
7744,0.9990144596459131
5826,0.011764705882352946
6118,0.17260787992495308
6785,0.04390243902439026
301,0.9800382938851998
3192,0.11701930954893376
9854,0.6050420168067229
9227,0.19475505904039492
4768,0.025974025974025986
2961,2.8046387926786416E-5
4564,2.625872189766775E-4
2484,0.004746334774812783
1606,0.4585715264958953
2864,8.341077451320002E-5
2884,0.5463414634146343
2753,0.2539031765657124
4366,0.7333333333333333
2470,0.003635702599527357
6369,0.002209281162890226
2754,0.031242056578413297
2501,0.2299918398091772
8890,2.1272734095985961E-4
2093,0.15709046454767725
4937,0.7200000000000001
2850,0.003883495145631067
3706,0.9965777432035519
6645,0.9229630170146764
5799,0.006496124725594735
4229,0.9869464652798512
4900,0.4262295081967213
7883,0.001005762179151388
4629,0.9164345403899721
6459,0.9914263445050663
10381,0.9997904206097149
220,0.6230366492146597
761,0.004635415734079157
4264,0.1361502347417839
6633,0.5212765957446808
1424,0.8596491228070176
7017,0.003852448185080151
6901,0.5614035087719299
7126,0.5848742575315692
881,0.7350993377483444
6382,0.9785234899328858
7502,0.03380281690140846
1911,0.9947368421052631
3076,0.10933220981672635
9281,0.23383084577114432
1534,0.005026693475698537
8378,2.602404621870608E-4
4717,0.9713467048710602
7012,0.9877465281829851
9028,0.6923076923076924
5407,0.532359081419624
274,0.7777777777777777
9465,0.8337068579112507
5164,0.0026622296173044917
937,0.6000000000000001
5264,0.9908618250659557
8051,0.5555555555555556
10304,2.0517089269855417E-5
2403,0.7496229719804076
1697,0.988235294117647
8142,0.02577319587628865
3734,0.001685452438638998
8487,0.10835913312693493
5123,0.16667117138175006
8726,0.0012584372497425928
2336,0.12011173184357539
7376,0.017866354044548657
2793,0.02409638554216867
1998,0.015087507543753771
319,0.3217712482463169
6783,0.0012454851164528588
6911,0.9324061367034678
3078,0.9717393535146229
3310,0.9945490584737364
4790,0.6136363636363638
2712,0.034482758620689655
2968,0.9307834986252205
7777,0.5384615384615384
10442,0.010118603300986979
1654,0.07692307692307691
10438,0.9805077332064992
4509,0.3461150353178607
3963,2.9109595687122316E-4
5043,0.22727272727272727
5421,0.9982316230806412
6465,2.305257192225112E-4
8034,0.01619235949903993
806,0.11325503355704698
1090,0.5
1566,0.9
10187,0.8000000000000003
2634,0.9814941740918437
569,0.998869693553752
135,0.3943661971830985
3732,0.04452244663176164
6247,0.8769009043346723
10466,0.990424467628984
8429,0.8916242975648915
6725,1.6191328513223905E-4
6128,0.002553626149131769
8496,0.9397260273972603
2433,0.8560144808293566
5552,0.9949259602011128
7122,0.6400000000000001
376,5.985767175826369E-4
796,0.3333333333333334
6121,0.0045741248976840475
8960,0.7941176470588234
5686,0.001273885350318472
2213,0.9997920858269707
6602,0.9780890583676733
3357,0.4341642552197554
1997,0.005013787916771125
691,7.12853119965461E-4
4370,0.9752321981424149
9660,0.08948109007099848
7189,0.5233275251091491
6660,0.14035087719298242
2074,0.26756569693451515
5375,0.9891700407062722
1816,0.7969438730531885
9802,0.9004149377593361
7654,0.9985424269695179
3784,0.4071625344352618
9604,0.2565030827213514
6397,0.12344689378757519
7125,0.7811606502805631
1460,0.014662756598240472
5718,0.31736526946107785
5452,0.9199341677350524
7064,0.7060518731988473
8272,0.980203976172786
3620,0.8394229127539696
2772,0.8623188405797101
5150,0.008163265306122448
125,0.4785111686708836
1005,0.03135069232778891
616,0.4769847869686445
9056,0.0898424404961449
3972,0.02264150943396226
746,0.005596248799478456
10286,0.4608274647887325
723,0.9902020820575628
1283,0.9771274806592667
8009,0.06709878973808671
8509,0.16000000000000006
8220,0.8923512747875353
7393,0.7860962566844919
8499,0.1257434154630416
3789,0.014658569552056966
9658,0.9121626169482399
8171,5.6657223796034E-4
1985,0.5
733,0.05052389837806805
6706,0.1764705882352941
6282,0.1551724137931035
7243,0.0013612850530901174
3995,0.21095890410958895
4375,0.789577041522234
1647,0.6
9306,0.8482696180203243
9272,7.354130815278944E-5
9464,0.9686985172981878
5340,0.5039370078740159
5475,0.9999352143828975
4911,0.9989801254654802
9315,0.5283223011008417
811,0.14134275618374567
6395,0.391304347826087
3229,0.9985197611881383
2250,0.6013990304964106
8433,0.2467644934970116
10428,0.03822686172167903
10461,3.7671290820182354E-5
8408,0.9899072128124402
3945,0.47533422219019156
863,0.9925144802929298
4683,0.603448275862069
1162,0.9956035128475125
9132,0.8785249457700649
1076,0.2136181575433912
7236,0.22222222222222227
3218,0.8448275862068965
6866,0.13483146067415733
4997,0.22857142857142865
9121,0.9928947368421053
8696,8.965554340224858E-6
3313,0.05594405594405594
1421,0.8526315789473683
80,0.6400000000000002
8163,0.8442211055276377
4583,0.9911813347134706
4053,0.17303994872890405
8693,0.6027987082884825
4139,0.005222516725534767
6976,0.6982397317686504
3549,0.7075812274368233
5534,0.11111111111111113
1638,0.004813032210292481
6375,0.8160589582930802
1008,0.8044692737430168
9120,0.9931423346540689
8071,0.19424460431654675
3266,0.9859024444923713
10482,0.724455157138354
5288,0.026086956521739136
6302,0.14736842105263162
2183,0.2985781990521327
9199,0.04545454545454548
5441,1.6474808101499136E-4
4418,0.07395234182415777
7287,0.391304347826087
1532,0.4982935153583618
2978,0.3870957340470123
1230,0.778846153846154
6423,0.5972263683322082
9643,0.2181818181818182
5142,0.17124735729386892
9368,0.05256034288292354
6132,0.9900187526465428
9031,0.8483082941445751
4767,0.005761404086092745
844,0.24324324324324326
10296,0.04106776180698152
9045,0.9426426352079027
10469,0.18604651162790695
9223,0.4
9340,9.682869334686715E-4
1226,5.204311184232619E-4
686,0.05536332179930797
4037,0.9790645610601288
7620,0.4
9322,0.928909952606635
2943,0.7322654462242559
6549,0.0847457627118644
8124,0.3814538916003083
1803,0.15067787426401333
8025,0.005129520389843551
368,0.37854549611639077
3660,0.06884699510467658
4943,0.9500295422831785
9143,0.12183514369461114
958,0.03592814371257485
4272,0.036697247706422
200,0.784
7314,0.980817647764057
7827,0.12045206701695255
252,5.875440658049354E-4
2242,0.7565120568061213
2804,0.994104281680187
8802,0.0068299346277685595
7645,0.9997317081436463
7228,0.9661778829323296
9200,0.24687595245352023
4738,0.9809316568146893
4513,0.9064446230232759
7999,0.019161676646706597
3938,0.10210035005834303
8127,0.9896596264651536
9265,0.28571428571428575
7353,0.9560975609756097
4772,0.7523219814241485
4461,0.30769230769230765
1335,0.4
9018,0.9998919829765172
10460,0.9985076772328603
7956,0.07390173805939511
1238,0.46500593119810213
2552,0.03923927985159285
6517,0.11077653305419266
5925,0.9988267642157068
7413,0.7318467695826187
3728,0.823529411764706
1103,0.9556369948886103
3704,0.9308431163287085
8413,0.6276874532035512
4533,0.0030289158127837475
5449,0.899474415513804
7306,0.006756756756756755
1401,0.4773260928289915
7365,0.3402061855670102
8363,0.0016571724495080282
3656,0.8826979472140762
5683,0.9963503649635036
1940,0.049504950495049514
8674,0.15833745670460167
6745,0.09166151714323167
4431,0.9991976375613646
2263,0.3215987810027604
7506,0.9920603414053195
4059,3.0769176669579487E-4
4588,0.0012079118224369615
8692,0.10816177836192979
7258,0.09488683784181849
5448,0.9643562805191188
8865,0.22222222222222227
1119,0.9905439319465695
7642,0.3969668089338251
9981,0.4659859252104321
181,0.9979447127736102
7528,0.6341463414634148
9086,0.9768573427696401
4963,0.8037316110513096
5292,0.04374250745769327
1254,0.903225806451613
2125,0.9431616341030195
5601,0.641140741862599
2758,0.9873266409653031
1922,0.6315789473684211
5440,0.004608294930875577
3001,0.9987666671322365
4011,0.00136986301369863
8604,0.5454545454545454
2779,3.0473868657626083E-4
1568,0.4081632653061224
10123,0.5153949129852745
9053,0.781132075471698
8028,0.5051546391752577
82,3.428179636612958E-4
2845,0.8279124327229676
10221,0.8935412270846466
8598,0.22222222222222227
5011,0.9924840285606913
7401,0.02242152466367713
8687,0.9963888909185469
8767,0.6493821457443124
10046,0.03187250996015937
1920,0.9404802164355766
4364,0.08823596976867062
9395,1.6843523665150748E-4
3602,0.15517241379310345
9038,0.9581749049429661
7786,7.6958506538558E-4
5106,0.9572751606713548
9337,0.0015074912034462164
1575,0.0021214326638690595
10291,0.4
2965,0.9678366662005315
1478,0.36842105263157904
3625,0.1502145922746781
7329,0.9997687998838503
4116,0.36000000000000004
9136,0.04390243902439025
6870,0.6955719557195572
4073,0.9923676979924414
7863,0.03272727272727271
7437,8.103608315775516E-4
278,0.8529797847203989
1977,0.5
8570,0.26865671641791045
6800,8.526603001364255E-4
8964,9.233046572108662E-4
7534,0.8711418265921417
6539,0.998671216823195
645,0.4666666666666665
8223,0.19999999999999996
610,0.18490566037735842
1512,0.9998488587736178
8340,0.8714117913738743
4524,0.0026385224274406345
7465,5.875440658049356E-4
6313,3.674174229341956E-5
1873,0.002906976744186046
1015,0.988526627784683
444,4.541738577527477E-4
4967,0.9846466470986679
8988,0.17535064796544186
3199,0.20634920634920634
8020,0.9974687404191294
6103,0.028734867633364365
362,0.02165968446385596
7325,0.10053301747112822
5730,0.0027197926730433745
10448,0.6640646029609691
1452,0.15789473684210523
6669,0.982028925436324
7892,0.015624999999999995
7859,0.9950439268878231
5866,0.7789452530646227
2970,0.22857142857142865
9609,5.875440658049354E-4
893,0.3883495145631069
4176,0.014367816091954026
4280,7.085665698292355E-5
3970,0.13300492610837444
4516,0.1717791411042944
7503,0.4
7955,0.9880689793463003
9852,0.9957875716736365
8380,0.9819268247785699
9284,5.869344614838641E-4
10386,0.015009672900313539
4004,0.44000000000000006
5328,0.001851851851851853
9274,0.1818333611621305
4646,0.04142011834319527
396,0.6318162301416919
5513,3.3202243341360745E-5
4117,0.9968276541049063
3751,0.43303929430633537
9767,0.6400000000000001
1071,0.986737400530504
7812,0.9689802248933695
5059,0.02871155770315093
2667,0.09121788922677365
9304,7.732951529683563E-4
10385,0.4832214765100671
7930,0.8372093023255814
5225,0.32530120481927716
9839,0.7431068649194873
2831,0.56
2387,0.9983496404573853
3433,0.9967829108222879
5101,0.009898762654668158
6357,0.9880668257756563
5476,0.9991488073845688
3807,0.9217045770444623
10232,0.9442655712223825
1508,0.17155643958229744
6993,0.777319587628866
5505,0.0011972821694752923
6009,0.004514672686230248
5301,0.9993578125668945
6766,0.5593220338983048
2248,0.7279235839284239
8572,2.2040996253030638E-4
852,0.15517241379310345
7871,0.9995066354391604
6926,0.16000000000000003
10220,0.5259426088877059
9007,0.9994512615913533
6990,0.9984284833073946
2012,0.948984212273976
5645,0.18490566037735842
9091,0.9995943581458734
3797,0.19939075048463034
7201,1.3396616397458476E-4
672,0.999828762504301
1257,0.9999151640444593
2010,0.007838014369693015
8222,0.9994570960120523
9636,0.9031497796406048
2746,0.5000000000000001
2919,0.011601740986325689
5231,0.222841225626741
5625,0.07086774062542309
10254,0.5882352941176472
2651,0.08080808080808083
1740,0.9685463921651117
3212,0.5294117647058824
10502,5.293371904369945E-5
7139,1.3070571281994305E-4
7210,0.6086956521739131
10049,0.9842548372969125
1621,0.9537275064267351
2301,1.6668603857614987E-5
5798,0.9988410273380173
3812,0.9924902758700369
6190,0.49606299212598415
5503,0.002411381721726549
9972,0.09772348695169354
5646,4.354547235951142E-5
2003,0.9607950102359215
1069,0.7462340672074159
9656,0.0922190201729107
279,0.9786370974998526
4328,0.1955830058019839
7105,0.0055912197142265465
1643,0.004498150760243012
3108,0.707581227436823
3106,0.34146341463414626
1626,1.7469690087697847E-4
9838,0.9074074074074076
6994,0.9971671388101983
3463,0.009352188681972589
781,0.7803468208092486
4337,0.00973361673387497
1639,0.010330282074091082
416,0.4000000000000001
7687,0.9633898305084746
9610,0.4235294117647059
2519,0.045727350671620474
10210,0.08695652173913046
8633,0.9991790263411756
1276,0.8979040442787464
4764,0.2378154165226409
7674,0.06906294145346101
6550,0.2866242038216559
3853,0.060522290598464326
341,8.269940302845218E-5
6258,0.17647058823529413
1884,0.06583183884866388
2855,9.044480019932319E-4
2196,0.11267605633802816
5326,0.9355594610427652
6380,0.9958321756043345
5580,0.0029609576583054863
4563,0.9230769230769231
10414,0.9968404682672225
3226,0.8097601323407775
3175,0.391304347826087
9457,0.012949640287769784
1705,1.7583345055563373E-4
5910,0.00590443254185821
375,0.6999999999999997
10333,0.0980573543015726
3852,0.005935495484491045
1971,0.004398651942551722
8720,0.18773169417952534
1860,0.9983622112262523
10349,0.3228993475064104
4605,0.0017895373883165988
7358,0.8058252427184466
8258,0.4000000000000001
5678,7.324826767846941E-5
694,0.842725126082267
8482,0.0016433853738701723
1924,0.4258675078864353
3716,0.9973745875086089
3282,0.16000000000000006
5746,0.07792207792207795
1518,0.37499999999999994
8741,0.9234322776048399
7630,0.15986297459320586
8276,0.007936101582100258
6939,0.6
1435,0.7241379310344829
8157,0.9636572742955721
1041,0.005986231667165518
4478,0.6584663903144514
8307,6.803445360217369E-4
2094,0.9854768026871799
5916,0.6923076923076923
9848,0.8453970290185343
4803,0.16898738559510057
2147,4.225633866688358E-5
295,0.9375
861,0.19512195121951226
3822,0.5000000000000001
5609,0.9999005549036377
9450,0.02702702702702703
4122,0.17559629131573365
10558,0.15231289958631067
4285,0.01219512195121951
6184,0.013358676446966861
7295,0.020725388601036263
1926,0.9163617935753554
5026,0.21751475094545092
7952,0.7338709677419356
4194,0.48523717700186686
639,0.13964718636050064
2130,7.439922624804701E-5
3119,0.9299032825627518
3251,2.5693290625374704E-4
5803,0.36049026676279733
9553,0.3099286754362151
5937,0.8317013463892288
2133,0.20689655172413796
693,0.28884026258205703
5944,0.8116826503923277
2227,0.2042274486454301
9915,0.002869071747507021
4044,0.7031799905074912
6033,0.18604651162790695
3270,0.9985071004398378
7050,0.0038028043659430553
6185,0.9980377763154445
7984,0.36042802279484637
2109,0.5939352811441979
2244,0.16
2481,0.032631750693424735
4332,0.9667583572531873
6016,0.3414634146341466
10162,0.021927478874745963
2453,0.9336973478939155
6228,0.2105598979103526
6166,0.42352941176470593
1411,0.43627340401533965
254,0.8
7479,0.7727639000805803
1476,3.004717406327935E-4
7801,0.06774087471226567
4988,0.7142857142857144
4694,6.752851278014917E-4
10194,0.9172754337091549
2574,0.19012726571538754
8334,6.455777921239511E-4
419,0.0011258361156374994
8643,0.08867417946704179
2548,0.007087730351236413
4615,0.7764900662251656
8772,0.46972414382099226
10463,0.9838199224683843
6756,0.84
1503,0.10904872389791183
4095,0.3552983081032946
1723,0.9973889322794393
8829,0.018236629573113988
10085,0.16010978956999086
4796,0.005612065941774814
9756,0.09731876861966232
2158,0.0625
7273,0.574468085106383
3056,0.44101633393829415
656,5.902939326594919E-4
3074,0.10301183387297905
4661,0.9934945245581698
3958,3.0225177572918246E-4
4311,0.08188021228203186
8375,0.9994748257031514
7442,0.9
3839,0.22222222222222224
6179,0.823529411764706
3786,0.09999999999999998
8520,0.012289413418588314
3664,4.712897044744245E-5
2014,0.07628559286017847
8298,0.3829787234042552
4220,0.391304347826087
10127,0.9877557790939566
6182,0.6545454545454547
3206,0.48019681055239566
8503,0.9997358934183217
5682,0.9893716694819197
5699,0.051756007393715366
6215,0.060742280150895646
1394,3.513717061094437E-4
9582,0.9192938209331651
10070,0.9616368286445014
4940,0.24403599218674948
4193,0.11670028000234965
3400,8.408187645018263E-4
4785,9.138512432946166E-5
7460,0.8894311396754955
5838,0.056179775280898896
2503,0.001006795872136924
2730,0.9989995072130602
7156,0.014227744349042675
5511,0.5388973058428298
438,0.9774345506631523
2233,0.9866617476420617
2016,0.0015772404207288822
139,0.029702970297029698
384,1.8060831136872872E-4
2313,0.9142857142857144
5145,0.9981576398894583
7864,0.02487562189054726
1195,0.9575879567941484
5365,0.6419366322534711
6977,0.22580645161290322
10001,3.642987249544627E-4
567,0.37692307692307686
9950,0.984182776801406
157,8.572653236176594E-5
6553,0.7236420225420486
7337,0.0020323137892490593
349,0.06466512702078525
4874,0.0148433205057724
10313,0.061994403943887166
8421,0.4000000000000001
9469,0.04545454545454548
9314,0.9988518943742825
3663,1.6859816397896337E-5
7216,8.474219844172867E-4
8871,0.012539184952978054
5743,0.9987701389742959
2072,0.008063296880512022
2654,0.02494306474352023
5908,2.4306683826332578E-4
9863,1.3355527970438204E-4
457,0.16521739130434784
6965,2.211250135289554E-4
3030,1.330872697590233E-4
7765,7.710100231303007E-4
748,0.011764705882352946
6304,0.012477785760199644
9606,7.928909980442024E-4
10351,4.671770731916976E-6
406,0.7075812274368231
8120,6.770182358404663E-4
8486,0.20735560946769682
6998,0.9800456100342075
77,0.8432644140762054
841,0.2484662576687117
7709,0.0018115161401327364
7404,0.7803091944670464
5606,0.4901960784313726
965,0.9842327281387978
3163,0.18947368421052635
10192,0.08258612553091078
6163,0.006798438876998616
9865,0.26119402985074636
9518,0.8615384615384616
1267,0.02019408879620677
2051,0.9992013924980633
2046,0.03302617630269918
1464,0.5698924731182796
2153,0.06351073213760661
6612,0.9634034766697163
4971,0.7777777777777777
866,0.0013934678356657582
4124,0.005842696629213484
5086,0.9903247382352822
4351,0.6492985971943889
8101,0.5422750535489462
7912,0.17810026385224273
2504,0.9923884279879897
2837,0.011764705882352943
2034,0.9968295904887715
4844,0.7660738714090285
7780,1.2022943475518512E-4
5901,0.24000000000000002
3296,0.3
7299,0.44347846623641585
8574,0.4814814814814815
7472,0.9549976314542871
2276,0.030067652217489353
5980,0.3100511073253833
3184,2.1519602764073412E-4
4359,0.653337434635497
1064,0.9392165691130122
9039,0.2849246231155778
6376,0.10738255033557054
1706,0.5
7970,6.301935580432883E-5
3540,0.7200000000000001
1407,0.3
4561,0.0011206635637101324
6691,0.9930813450679147
7172,6.298419096806701E-5
1923,0.6923076923076923
4407,0.9992430767020914
6777,0.9754509286185796
2600,0.8513697299397706
1936,3.725969599453458E-5
9778,1.6465696976734586E-5
2766,0.7522450439595609
6668,0.21533196440793967
9013,0.20832478982981342
4319,0.052631578947368425
3263,0.5166163141993957
1612,0.9863936516961712
5132,0.9725437990830383
216,0.9998464247686133
7232,1.6531658125309965E-4
9373,0.712871287128713
5030,0.004756242568370988
10107,0.1126760563380282
8309,0.9990624610808174
8449,0.8570935765667962
6961,0.9748903439069352
4954,0.9245283018867922
7344,0.9979633401221996
8146,0.9730829046536666
1132,0.03134553116133577
6145,0.9863093716914314
1353,0.24033625025838903
3624,0.9545454545454545
5058,0.07248018120045303
9789,0.8966789667896679
7290,0.09884539566319346
8583,0.5
1088,0.6736980883322347
9210,0.7113153360137853
8240,0.02919050371985576
3326,0.033298407376362145
6315,0.9617442226753763
8410,0.7777777777777778
4535,0.0020496333908053073
5991,0.7069767441860466
1874,0.33210332103321033
1898,0.03516676740480246
3557,0.8974878187685883
8587,0.9819135380069589
4190,0.21052631578947373
7261,0.9988840413724428
6854,0.42395044735030984
9375,0.6923076923076923
6317,0.8998509036692244
7713,0.9961277831558567
7058,0.9860982391102874
7628,0.13605611006204482
3513,0.22857142857142865
7953,0.6774217486160377
3445,0.006610841780520057
8461,0.9804001633319722
2834,0.1974921630094044
3414,0.13846153846153847
9262,0.9998575213012959
9235,0.23109843081312412
3146,0.011527377521613834
3379,0.7743362831858406
1701,1.5094434928482957E-4
5527,0.03298969072164949
8031,0.36136016739277677
4032,0.8289623717217788
9782,0.8293678044839426
7656,0.8424507658643325
2985,0.9969224456298728
9334,0.9881148354700156
3343,0.3
4760,0.00962861072902339
10311,0.9257369852506505
2609,0.004284092562048184
5117,2.437656924164493E-4
6724,0.11917330632657266
671,0.9847173089476946
798,0.14810525834615798
2341,0.9228086491513601
4262,0.052631578947368404
1950,0.010337619197617477
799,0.4614721748016616
2575,0.12694877505567928
660,0.9441052853171118
6432,0.06666666666666668
3168,0.9978034523192386
7435,0.997032133566203
4010,0.9997053604750898
2882,0.9950522622221294
5930,0.027716535433070864
7716,0.9998502256741331
4054,0.8728615941769713
3148,5.801609701735378E-4
670,0.11679884643114638
3519,0.5294117647058824
5770,0.3529411764705884
8876,0.9916211971514695
8357,0.07249305380146502
1620,0.9944037882049074
8558,0.6961545747300625
6786,0.9997768154794661
3825,0.1986917416189698
5857,0.5803108808290156
7685,0.9774293534412443
3947,0.8425892902634124
6449,0.5294117647058825
8636,0.2727272727272727
6046,0.016372492730539135
3205,0.9923194123791846
9435,0.8639626524772854
6865,0.1149425287356322
281,0.9997248598878021
6922,0.013138700604817363
3536,0.9993323836455255
4555,0.002744111593871484
5364,0.9247457627118645
2483,0.9669306861731203
3524,0.9978004259492607
3117,0.7261612559625806
1152,0.005439005439005441
3912,0.033924569551465285
1297,0.9884294970688059
2896,0.1025641025641026
5804,0.9942749463677948
5722,0.8450565666502704
189,4.698528490484613E-4
2376,0.4590032985311668
4635,0.2391304347826087
4801,0.998782809086639
5972,0.4041811846689898
2461,0.10556971241354206
1168,1.8669504240745343E-5
5136,0.8067287043664996
7806,0.8
2559,0.7587043416470509
2139,0.8901734104046243
10562,0.04085257548845471
1497,5.483959418700301E-4
4757,0.9317252150630934
1354,0.5983546852907151
5896,0.9957511765479727
6453,1.3796965084725995E-5
1426,1.062351844170368E-4
4271,0.3588039867109634
7673,0.8745980707395499
7782,5.494128150539112E-4
8181,0.7353696831287471
1797,0.5912408759124088
8615,0.9928486293206198
3097,0.37661679473962345
5306,0.7051792828685259
9633,0.3484591940399593
8700,0.12845849802371545
9876,0.805824690468516
8045,0.0012440905697934808
7750,0.010854816824966081
6370,5.3071513864933E-4
7093,0.35053017944535075
8018,0.624315443592552
1118,0.6808510638297872
4849,0.9996470415665855
9627,0.17764463440696077
829,0.9726011173584196
4164,4.5649220815852467E-4
1707,0.9997167620234522
6752,9.776949014376227E-5
6236,0.3999999999999999
4052,0.07438016528925621
5283,0.21599999999999991
2856,0.14160583941605842
4630,0.01379476380099012
9563,0.045794771922654604
6576,0.984694230902417
5721,5.56339287488327E-4
4305,0.0018707129494907513
8972,0.001235330450895615
1694,0.6337836524443581
3582,0.6863704819277111
3913,0.017857142857142856
470,0.5038167938931299
4195,0.5782366957903099
3422,0.9333333333333331
9744,0.5333333333333333
4206,4.671619342782917E-4
7971,0.10775477864712298
141,0.7672294217577291
1994,0.999378048100473
1602,0.6226415094339623
1031,0.33648762381579234
9150,0.8443708609271523
8528,0.32313589222199546
7545,0.0019989782999800107
7448,0.2222222222222222
1821,0.1694915254237288
10075,0.13111888111888112
5242,0.0023064799272177446
822,0.00918950244225516
4826,0.9256198347107438
910,0.6923076923076923
10147,0.8
2018,0.024988006403771842
8916,5.666685555618519E-5
4880,0.10675824483473002
184,0.15686274509803919
6081,0.8069912073772251
4281,0.06097560975609755
7418,3.7979050327937723E-4
6054,0.24872693774149826
7972,0.01489203276247208
4894,0.07844360216859382
5313,0.9944018255101956
5046,0.3
7183,0.11931703082043116
5347,0.011754480360912214
5051,0.997948851823191
495,0.2367990101532079
5985,0.9558210105033728
1227,0.9991303041563555
7594,0.26315789473684215
6178,0.4468409888388874
9344,0.8984290089912064
3681,0.32834247153099955
2805,0.6508728179551123
8237,0.6101694915254239
5139,0.18181818181818168
2347,0.4398333600384553
1978,0.01606699449827158
7824,0.02702702702702703
873,0.9923217199347345
2569,7.574609907589762E-4
4704,0.9460508414229563
6974,0.31914893617021267
4454,0.06726867811708717
35,0.007839294463498288
8231,0.0020907094463670554
9280,0.6593406593406592
6567,0.016077170418006426
2088,0.06024324601627425
925,0.9997697868225978
9958,8.605851979345953E-4
5234,0.010646371711432881
7623,0.5
6074,0.6917308893980422
8115,6.712273969259143E-4
10462,0.9387755102040817
5008,0.4615384615384616
1256,0.9777651083238312
5001,0.7317273473857105
6885,0.07383479464697743
7509,0.6666666666666666
6251,0.21083813887352865
7250,0.2441589995197243
9502,0.9020785219399537
267,9.297851080658236E-4
4109,0.5809167446211412
819,0.036328871892925434
9397,0.9855706510996615
3707,0.005804462180301107
870,0.8542739300045622
10203,0.4909090909090909
9241,0.9880497131931167
5215,3.18775900541919E-4
982,9.213303425409624E-4
3878,0.0012330456226880395
1847,0.011669788214954617
10457,0.9644130987727754
7811,0.007637231503579952
6205,0.004549843405247571
8311,0.538461538461538
7657,0.7777777777777779
8174,0.4444444444444444
2119,0.014003294892915987
7893,0.831176139561058
7754,0.055588942307692284
3684,0.6447761194029852
3585,2.0038309711571526E-4
300,0.0015635026547054047
9176,0.821967644554532
5879,0.9049672588486806
1457,0.9791308199458253
5040,0.973585838665811
1862,0.8588957055214725
9749,0.9971619934158248
161,0.7628278221208663
6134,0.2775919732441471
4995,0.5467480174123773
54,1.7205998693884224E-4
5125,0.5454545454545454
2032,0.8746450304259633
8210,0.005323898019245394
3816,0.19786808794137242
1769,0.911513323278029
6156,0.9881809686108515
8667,0.9624231382373036
2974,3.383949006964784E-4
3417,0.0019398642095053346
2835,0.028997514498757242
1668,0.04405683385712921
10028,5.444860203214284E-4
5619,0.961139896373057
3169,0.5824037101851302
9153,0.6000000000000001
8746,0.4305770491510836
8049,0.1093308199811499
10564,0.005263157894736843
8691,0.2727272727272727
2765,0.3761824316548749
52,0.7155477031802115
2663,0.15201900237529695
3014,0.0028616852146263914
9453,0.12016293279022404
8078,5.05898779772143E-4
2356,0.19672131147540992
7595,0.973479825724569
2195,0.7
7633,0.20084920796730812
1259,0.9808118266316436
5214,0.08226725255963348
531,0.016423357664233577
2398,0.9610587161545481
5458,0.9850780532598714
2794,0.7078651685393258
153,0.20110575383219792
256,9.181007912107649E-5
8787,7.990092285565897E-5
4496,0.8608903020667726
9649,0.9630642954856361
461,0.039215686274509824
502,0.7684391080617498
529,0.6522462562396009
5529,0.0020439448134900364
9391,0.9997584487461685
1032,0.9963449977586898
9896,4.6929261959140255E-4
5557,0.023898476850241244
1836,2.2030407045663109E-4
3476,0.005797101449275361
7104,8.7381340112007E-5
5480,0.024201355275895457
1717,0.9705324143442213
1333,0.9984216192222527
1806,5.897269564191781E-4
8297,0.6435272045028143
2806,0.007874015748031496
3407,0.012195121951219511
10518,0.0021172142753172513
6043,0.842433697347894
8857,0.15338385158087284
8456,0.16326530612244897
427,3.547586028961201E-4
4028,0.9787021994074843
1988,0.048012003000750175
7354,4.222571757328803E-4
2393,0.0528578991670253
452,0.5744488903512031
5445,0.4398948159278739
7637,0.8734311702618214
5486,0.983372921615202
4175,9.136592051164915E-4
6068,3.200943711240491E-4
8968,7.288098535092193E-5
9384,0.43497757847533625
7470,0.9910269192422733
9319,0.03164268481985691
5817,0.5188391038696538
10294,0.962468723936614
1313,0.4
10181,0.5199449793672627
5269,0.3
127,0.0760118460019743
989,0.1780821917808219
10234,0.04705882352941178
4799,0.9446462798836056
3834,0.07133757961783438
9206,0.7957894736842106
4753,0.9270153103221205
4437,0.03448275862068965
3520,0.9998582910629409
10124,0.3260869565217391
1318,0.6999999999999998
2055,0.49056603773584917
690,0.996590504760475
1294,0.05354752342704149
6522,0.3859275053304904
4453,0.22778614457831314
624,6.515953183896826E-4
2863,0.9980486713921778
4922,0.8951048951048951
4120,0.16780821917808217
8164,0.20847261897526287
2317,0.03139013452914798
6058,1.689456734068951E-4
1428,0.18339136280902746
3577,0.7924528301886793
5811,0.8216500291694215
1430,0.847835740415724
4488,0.03538928210313448
9634,0.8994122029969369
4482,0.9083562585969736
4580,0.11388485924857307
2571,4.1278151699459045E-5
10499,0.9965057590267892
3932,4.358817888588617E-4
377,0.7529411764705881
5851,0.09782608695652173
6384,0.1715743571300126
6470,0.8881408596582082
8505,0.9130434782608696
4268,0.00985312682821689
10397,0.015384615384615387
4309,0.15670742207680383
1949,0.6263974715788481
2097,0.1428571428571429
9709,0.019151465343919233
4936,0.15384615384615385
4033,0.42060085836909855
3828,0.3
8862,8.206378783158155E-5
374,0.03764263036418119
401,0.9859154929577465
10015,0.686923341569449
7613,0.272108843537415
4397,0.9812265331664581
2329,0.43423952975753116
4733,0.921951219512195
1552,0.6086956521739131
2486,0.18899521531100466
940,0.32432432432432434
7118,0.9986844639151745
8060,0.13352938229395506
1550,0.5451263537906138
6202,1.956266758230988E-4
8980,0.9998805177845149
8162,0.9927804100014074
10066,0.24834905660377352
7981,2.1226244294926587E-4
7336,0.9982720828868548
6277,0.8032786885245902
1670,0.9991182048203914
6007,0.03076923076923079
7832,0.9954348322300846
2612,0.2340425531914894
8320,0.7847156182344251
1779,0.9973930715629635
6107,0.04827942951449611
2537,0.9982062551694029
2726,0.5555555555555556
8717,0.9807409877299892
2201,0.27999999999999997
6276,0.0019136924696201325
3293,4.31732325957906E-4
7907,0.9736917357735201
7321,0.0010067958721369245
840,0.07657792402034105
1081,0.00415773819042441
8289,0.9605904697172404
343,0.014828152306307265
8184,0.021538461538461534
7166,0.857707509881423
8805,0.9867765600519754
9407,0.15706806282722519
5573,0.021148036253776432
9330,0.009391390451828506
2215,0.16037670421898523
4105,2.861335613766792E-4
7699,0.3071672354948805
5850,0.12372417226786157
10228,0.35185185185185186
638,0.6425992779783395
5633,0.8854541702020319
5919,0.9938942357445929
4573,0.3
7164,0.36842105263157904
5093,0.6907036386860671
9815,0.8497109826589594
8411,0.95829331869941
8955,0.5857112780453009
9556,0.1090909090909091
7349,0.22222222222222227
8436,0.04671631685849694
2631,0.8873239436619718
2739,0.5663117134559535
3930,0.3
6833,0.870967741935484
9186,0.9383852124509882
3150,0.3267917351084984
8328,0.9400299850074962
4006,0.7513812154696132
3065,0.33796940194714886
3305,0.13392836638930777
2506,0.9954050457137823
9737,0.8265060240963854
5178,8.47336450825359E-5
9452,0.3854439485041869
10111,0.0025146689019279137
1652,0.0015408320493066245
10134,0.07692307692307697
7247,0.41478390931276093
4363,0.9674096358927866
1712,0.7417359221853688
4232,0.7664793418931815
5626,0.11700182815356489
3049,0.9914875886941331
5397,0.07804878048780492
8637,0.38165406573059707
8785,0.0020533880903490756
4438,0.9735099337748344
1410,0.7
6902,0.5999999999999998
187,0.43378258833324673
3883,0.995768922319626
3988,5.822784934700337E-5
5620,0.3
2904,0.39130434782608703
3926,2.02420954617222E-4
9020,0.22929936305732487
2947,0.7535859558980947
2364,0.09385113268608418
5291,5.945372424925827E-4
7078,1.2247547428627417E-5
4477,0.11267605633802821
4333,0.9930363360414248
9247,0.9981521142700726
6957,1.657077710316303E-4
7281,0.3000000000000001
4012,0.5090909090909091
975,0.9995769557356066
8037,0.019313923320841756
10408,0.9986918333021865
2900,0.003125259494674226
6457,0.002648112570746144
9292,1.5530814105861918E-4
2115,0.07526881720430108
9001,0.8371859296482412
8981,0.3063583815028901
6085,0.04
49,0.4000000000000001
210,0.220949263502455
1607,0.9796630151790539
5256,0.01649076517150396
3170,0.0017605633802816902
147,0.5518672199170125
7627,0.9930609097918273
83,0.8429535062700892
3686,0.5547691886215242
5133,0.16000000000000006
935,5.827505827505825E-4
2875,0.9645525801049771
7277,0.5714285714285714
55,0.9996319970396206
1253,0.2973977695167288
3406,0.8717399403874813
2474,0.945717732207479
8451,6.537965603036522E-4
7301,0.9993106342165208
8466,0.00849116518622274
7499,0.9993390614672836
4926,0.009988911877315862
9033,0.9259662493195426
3999,0.10380622837370242
1017,0.0025164769322947884
947,0.8591222679575627
7798,0.015355086372360844
6280,0.0019073724365735515
6393,0.06042710484138789
8056,0.002348472759689494
9003,0.8586184635248548
4481,0.6086956521739133
5134,0.9996536030918417
4804,0.2471159684274439
34,0.21707611759967776
5659,0.8672332721466469
4519,0.03780753630223624
6272,0.9739355720640531
765,0.657977741765629
3752,0.16417910447761194
1753,0.002735978112175102
2123,8.875572934290694E-5
1802,0.3258426966292135
7678,0.6109048144339901
4547,0.0038431975403535744
3793,0.9333333333333333
7453,0.006589785831960464
5330,0.029275808936825878
4093,0.5834505146603884
2362,0.8798418972332015
7116,2.420286146973605E-4
3135,0.13346228239845256
10536,0.008727526618956186
8484,0.8615384615384616
9002,0.6486486486486488
10204,3.150173702546817E-4
7570,0.4531680440771351
1275,0.9993657663439846
3630,0.00136986301369863
9096,0.07692307692307696
3475,0.09968184549313945
4818,6.425909266161163E-4
2019,0.07692307692307696
10402,0.9795918367346939
643,0.0029667441450838034
9927,0.0011183736362054826
2827,0.023416265941877477
288,0.903225806451613
7886,0.0594720599338792
6584,0.8533074805113837
5554,0.9398270026325686
6329,0.021526221707495154
1233,0.10000000000000003
2541,0.5555555555555557
1150,6.347069449466887E-4
8459,0.9821607356379961
1814,0.8795989785302183
5564,0.8928472857351595
4306,0.8345864661654137
2144,4.570383912248629E-4
9792,4.861744150714072E-5
4634,0.0017605633802816906
10084,0.5116318416377637
9847,0.3222918531781559
8510,0.23661148977604668
8921,0.728999250381455
2509,0.5957744111281544
2111,0.9491525423728814
7505,0.002976249040713119
556,0.6811492641906096
9596,0.16654854712969525
1863,0.025380710659898498
8172,0.31914893617021267
8404,0.9982153411687169
3607,0.43659043659043656
7802,0.3840639770614457
3503,0.2958579881656805
5624,0.24324324324324326
331,0.2354948805460751
542,0.5651328718691634
9705,0.003774087558831366
3592,0.17766497461928932
5018,0.8823993815687757
5800,0.22914713601717296
8651,0.43243243243243246
7600,0.01619433198380567
9509,0.25886082028623564
5431,0.6334841628959273
7454,0.40441176470588247
8106,0.15789473684210528
3137,4.6227059901446203E-4
702,0.9651449360403709
6287,0.8533519553072626
5657,0.011917659804983752
8027,0.0097799511002445
5350,0.03299361471283994
30,0.9728813559322034
2677,0.9777503090234858
3898,0.9867033177779198
9451,0.9965122858592296
9949,0.9620582496205824
8074,0.3
6618,0.7851912123677787
8351,0.0013721034285754808
7861,0.6473405413250127
8914,8.09192425958893E-4
9820,0.8559045921190139
9148,0.13777934189688545
1334,1.6346188347958517E-4
1684,0.004255319148936168
6414,0.9946068215852804
6967,9.873227755617868E-4
1726,0.9322045583024253
9178,0.18490566037735842
6642,1.1360663725683389E-4
1024,0.9964285714285713
6437,0.9369385555156307
7042,0.8439556911221706
5319,0.10815130527437398
4594,0.8511166253101735
3702,0.015112037519541429
4882,0.9746835443037974
4243,0.01969365426695842
4750,4.487323311644605E-4
5735,0.9525790623387743
1432,0.001671309192200557
7576,0.990830583167006
7455,0.5
5563,2.8174602033746265E-4
2291,0.3561208267090621
5386,0.0010828052777733916
8490,0.007376185458377239
2357,1.4923955662284448E-4
5473,0.9990025112214173
7091,0.9409078735568969
2464,1.7700577038811467E-4
2801,0.3017241379310344
6604,0.766839378238342
2122,0.0034602076124567466
4320,0.7238520751466868
1841,0.7352384954822443
8129,0.776047904191617
3149,0.0017884588514740815
10525,0.9908655926250199
1869,0.013348914557957664
8664,2.681180792020807E-5
1941,0.023128112057331656
5216,0.01685393258426967
7993,0.04903599687952748
7327,0.0037946806708453315
4076,0.1912482291830631
6544,0.12500000000000003
3300,0.20711974110032363
9139,0.12415102299093017
6761,0.9898007191641519
2220,0.7272727272727274
5661,0.5305582290664098
1676,0.5936626281453866
1572,0.11551951668319986
9545,8.704163717643693E-4
212,0.7196020345425073
2498,0.9177939646201874
5758,0.0028116213683224
241,0.006550162411064003
7872,0.2619663648124192
10546,0.3
9615,2.736116822531438E-4
882,0.9692307692307692
5753,0.9933247488567513
547,0.0849396314340182
10275,0.5501840184642256
7686,0.9845016690510253
6508,0.9998931302498314
4296,0.8347820040330991
6625,0.9362657457501762
404,0.9343139812849497
1289,0.11267605633802816
5239,0.16783339166958347
10261,0.34501347708894886
2649,0.8864418444597385
9886,0.0030860117514598167
5341,3.690036900369004E-4
869,0.7118644067796611
5533,0.9747360641897276
1560,0.9947473418366264
9892,0.4411764705882354
1933,0.4216867469879517
5885,0.002210570958899099
7833,0.02208201892744478
7296,0.21000000000000002
7373,0.9484206762752694
8983,2.2040996253030643E-4
5842,0.20000000000000004
2194,0.03644970414201182
132,0.8114402761445967
2659,0.8085106382978724
7896,0.684507042253521
7887,0.872241653418124
5745,0.9861961402974103
2409,0.9401993355481727
2253,0.9793209088588205
1434,5.577172019383941E-4
6946,0.004778934137050992
6510,0.9045997341009538
6982,0.8608153021773045
8999,0.9531914893617022
5170,0.02309402976563838
10158,0.28027681660899656
234,0.024698981167026866
9034,0.6703296703296704
3801,0.0013250500804462188
3887,0.8139534883720931
10361,0.9479485609308023
5385,0.9994972075681864
6575,0.9992457900623652
3560,0.0043461082576056916
2112,0.07989397955319956
4307,0.9415314975480951
8704,0.9903517886299541
10476,0.9990240707527017
4637,0.8333333333333331
2953,0.9958371581666416
1320,0.9620649493471104
3264,0.07052204631689125
7904,0.9998574305714234
9144,0.06603150501739335
4494,0.9974580579562786
4819,0.33439385298796404
3781,0.1090909090909091
3459,0.975055077819629
5681,0.24324324324324326
6507,0.058218663847729335
3722,0.9911572897092957
398,5.6935326644870247E-5
9377,0.033284122936518605
978,0.9152542372881356
3104,0.8928527943504199
2693,0.9245283018867924
3803,0.9454545454545455
9533,0.06543311135570673
1173,0.9130434782608695
10307,0.4305799648506152
10326,0.3815676575985465
5113,0.04615753506773767
1116,0.9960906958561375
10452,0.21771872146137405
8013,0.19642857142857142
6491,3.119045921281233E-5
9906,0.03698195611863594
7531,0.871387742140362
102,0.39539591615161446
5233,0.5524861878453039
1661,0.8328459617663363
8280,0.16000000000000006
1000,0.5161290322580647
3743,0.9907421712959704
1501,0.0016769682156024257
3809,0.04127730321618988
8647,0.8999999999999999
1959,0.31818181818181823
1690,0.9910112359550562
5498,0.23481781376518227
837,0.019494584837545133
8788,0.9934312671682789
4114,8.684816674848015E-4
1413,0.42741009101351934
6836,0.3093898988384763
4240,0.7000000000000001
1908,0.9010989010989012
5750,0.5197215777262183
10087,6.263270303956507E-5
2680,0.09221902017291068
4323,0.06177606177606182
4439,0.007661792159303052
8517,0.014769765421372724
933,0.9998320900599211
33,0.010481777093951336
4295,0.10792951541850217
3258,0.9735099337748344
7497,0.005844535359438922
9276,0.7839999999999999
9811,0.0022981461620959105
3833,0.04705882352941179
7682,0.20588235294117652
1748,0.09503239740820732
3693,5.099439061703212E-4
3608,0.019195046439628494
10230,0.48275862068965525
5468,0.2091672046481602
10464,0.9979571370203915
6932,0.003245436105476673
3616,0.039999999999999994
9603,0.9796024354451206
10394,0.9997626764245188
5509,0.9110122358175751
3731,0.9619347026920771
5827,1.2168417223456527E-4
10527,0.8740661835894499
7004,0.7294685990338166
3210,0.7968064917217461
59,0.6624472573839661
2660,0.9794879789927262
1909,0.0033898305084745775
8569,0.9175014731879788
2862,0.001825650387950707
5966,0.2222222222222222
2639,0.022132796780684107
6838,0.9820533630073376
9527,3.8235369088959E-4
5345,0.9995794128642341
7702,0.7234820315691345
3242,0.6
6516,0.784
10412,0.2222222222222222
8213,0.3000000000000001
2598,0.873955764387399
6193,0.0014759404927628596
9593,0.3561208267090619
6646,0.8909090909090909
5388,0.05428226779252111
6413,0.0020533880903490756
1540,0.3769230769230768
8660,0.07814761215629523
2999,0.20134228187919465
3194,0.11267605633802821
9437,0.22945006018404676
9473,0.5612408058842341
877,0.6037735849056602
9640,0.10000000000000002
4434,0.04912907548012505
8385,0.8571428571428572
2542,0.002660180892300677
3281,0.9367319071461083
7820,0.678040726472207
1418,0.9540810278454639
6079,0.6315789473684211
3685,0.012386297658215598
9361,2.858449576949462E-4
3364,0.34900401173998374
7495,0.7520661157024794
8226,0.7686518324607332
8043,0.9033349444175931
9924,0.020000000000000007
6018,0.003514938488576449
3,0.14736842105263162
4592,0.017142857142857147
10125,0.18096723868954756
8900,0.007488087134104833
7028,0.3353115727002969
3419,0.24643311068118037
5514,0.12107623318385655
2770,0.02449192287649818
5007,0.568462501020103
1931,3.599193780593146E-5
9768,0.5635081015541756
3337,0.011883327331652866
703,0.4375
6685,0.0013698630136986306
6064,0.1186552406064602
1881,0.9215017064846417
4842,0.784
8432,0.6000000000000001
3569,0.6086956521739131
9797,0.35526315789473695
2829,0.027342958826422837
3739,0.4212389380530974
2128,0.2686567164179105
2372,0.4097387173396673
3354,1.40387328639717E-4
3321,0.14731472067516632
8532,0.09134367172113121
1800,0.9398820891804368
2560,0.988235294117647
3936,0.10000000000000003
2588,0.11475017929715522
4890,0.9959430017422634
8912,0.9059206906767108
6192,0.9945018502792464
8658,0.0264926761981915
5272,0.7295411914044383
10404,0.8687655343827672
2299,0.2611940298507463
9419,0.0020533880903490756
3018,0.028155495120780683
8642,0.9540423008499703
6594,0.5161290322580645
8852,0.012718600953895069
9212,0.0884318092493122
7081,0.9996593793557668
8469,5.916109566349167E-5
1372,0.6086956521739131
2514,0.973109243697479
2311,1.5093912436440476E-4
5548,0.7283236994219653
9024,0.38246505717916146
10324,0.5396933560477003
7735,0.8995783226612524
1488,0.9428724448808355
9130,0.8207336699719265
2307,0.995951768209814
2374,0.48484848484848486
10519,0.9796975555879894
10264,0.9968051118210862
9908,3.718854592785422E-4
1073,0.9913082237575218
118,0.5188465277027756
8884,0.9958125394367005
242,0.35294117647058837
6300,0.8049999999999999
5422,0.7992975413948821
899,0.9887036890749664
773,0.20000000000000004
70,0.856215676485272
9249,0.0029785563699613994
8847,0.03342622902333586
432,0.022510871727823116
468,0.9977581677017271
7830,0.05296595823446445
4642,0.06666666666666668
1782,0.873647142828956
8683,0.759493670886076
8551,0.023457909047289026
5224,0.7075812274368231
922,0.3701799485861183
757,0.9869896784782595
1101,0.11057002175976403
6804,0.1914893617021277
9266,0.06250934202265998
6487,0.30000000000000004
5627,0.02265497418276901
4972,0.8982729078235133
3596,0.9934251801411873
1420,0.8448275862068964
10209,0.25388601036269415
8629,0.6678383128295255
3147,0.8448275862068966
9821,0.9995098784008312
10377,0.3874183568236506
456,0.07547169811320757
9887,0.8475967174677608
8864,0.96
5665,0.008565415300278989
1764,2.4101091019361828E-4
9198,0.08252427184466016
7536,0.06666666666666668
991,0.8940310711365494
1537,0.6820891285835935
3450,0.022400002507872364
5663,6.346599766484973E-4
4221,0.043902439024390234
3350,0.002103137881719526
943,4.270201254585129E-5
3203,0.2609561752988048
1144,0.3
2334,0.919305387370211
7074,0.983074765020621
10071,0.22157856625633604
7540,0.8923925896728421
4143,0.007262823422605536
6643,0.42352941176470593
1067,2.9524184390391676E-4
6356,0.9755016367527873
8133,0.2596153846153846
108,0.1674008810572687
308,0.4
7432,0.44788684963798603
2652,0.9726306025772683
4740,0.18757835856881086
7048,0.8835845122723684
490,0.08411214953271029
6808,0.1304347826086956
7990,0.5294117647058821
4460,9.549780885583013E-5
6803,0.444935624689175
2414,5.141388174807202E-4
8085,0.96
2031,0.9786626117453738
8476,0.08499500182342781
9840,0.9306081943668715
2853,0.2634029533058403
8114,0.03602687294237306
6245,0.91617184771219
8918,0.0608695652173913
2621,0.45739910313901355
5344,0.0025445292620865138
3775,0.1463414634146341
631,0.045077861761223935
10481,4.802501100353274E-4
8188,0.3347896343288049
9830,0.980426272292301
5426,0.30769230769230776
6688,0.8105263157894737
4132,0.5058068459657701
588,0.8887303851640515
5600,0.9807650636563595
4743,0.3488372093023256
8711,5.624494674306604E-4
6039,4.1833978876157894E-4
4576,0.004098360655737705
6941,0.18055143788911948
10202,0.9990299532360969
6632,0.8571428571428572
1079,0.9340972250316647
9642,0.834109183241642
5401,0.9739130434782608
600,0.8382223207786383
4873,0.3
5558,0.01434810781698378
483,0.023766417938256387
10378,0.66569011489921
9004,0.013820335636722612
2809,0.06216858152894384
9542,0.9998389150601299
3215,0.9410702317542066
6924,0.16000000000000006
7213,0.9963351869851336
3105,0.3627337797275458
9771,0.2841910012194147
632,0.10779315367807722
3232,0.9999333191080763
1543,9.136592051164915E-4
2164,0.9985665843297261
4559,2.493454681461165E-4
9530,0.2963393375944218
2033,0.6
2842,0.35294117647058826
4186,8.981814627556902E-5
4078,0.9628825700021707
8093,0.5685816084747355
7286,0.9683532534275523
7044,0.75
9234,0.058823529411764705
8536,9.80476973209909E-4
307,0.8139820168766798
4382,0.6792998174744811
1350,1.2476185164201283E-4
4632,0.6966666666666669
5639,0.3295486014954306
6445,0.002492729538845035
10511,0.9730331184037774
8601,0.7963976073660866
137,0.9694244604316546
2298,0.012195121951219514
8978,0.4167418365506042
7218,0.6521739130434783
856,0.13136729222520105
736,0.7436481992633135
7719,0.6511627906976745
3177,5.311802825879103E-4
2564,0.3412625800548948
3123,0.3272281888555687
4827,0.9473684210526315
6386,0.001011590485420872
708,0.6590439454470313
1414,0.01933965177357827
7190,0.7751873438801
10298,0.12550607287449392
838,0.9873126125960734
10145,0.1715130573895711
3071,0.010208130433214299
5329,0.20075282308657463
462,0.7461139896373058
9809,0.0014963659683625472
7279,0.8785249457700652
2707,0.059701492537313446
3671,0.5840485074626866
516,0.9757049193703673
10395,0.6486486486486489
8167,7.661385670371247E-4
2138,0.3287671232876712
5192,0.018094265997919523
1377,0.1253958201393287
1390,0.3
1244,0.09195439558474508
8424,0.15912636505460223
205,0.019999999999999993
9592,0.6157951225329441
116,0.42352941176470604
8306,0.005441000027902565
7649,0.9899873095516442
9560,0.8521126760563381
2102,4.8727719250372785E-5
10490,0.9084858569051582
97,3.9177277179236036E-4
7618,0.8714064678802697
9413,0.7000000000000002
6148,0.043902439024390255
7147,0.9955925471169947
2430,0.09098476650295512
7539,0.8496987784352655
7475,7.434618705180969E-4
7796,9.32015851762439E-5
1582,0.452054794520548
8454,1.6755170778982154E-4
3164,0.18703339882121803
2375,0.9803834062912233
980,0.84
10233,0.07305936073059362
2271,0.3
7843,0.025316455696202545
6165,0.9818478788910333
3449,0.3337547408343869
8757,5.866212230759192E-4
9757,0.9924010454540699
6925,0.8533747090768038
6191,2.4385469240778738E-4
6985,0.2713667508113956
9064,0.0029213135600501773
2691,0.41618616144975284
657,0.01618122977346279
858,0.027855153203342628
6677,0.9994018982661574
642,0.013568993111126573
2627,1.0572561895141332E-4
1569,0.9349136199276818
3674,0.9545454545454545
10095,0.10594467333725725
7423,0.391304347826087
4993,0.8867524388519723
4983,0.2499999999999999
7070,0.5570098819833936
700,0.4914383561643836
2447,0.0017297297297297297
2380,0.4211332312404287
8418,0.6185286103542236
1288,0.09155381387525792
9400,0.004235360005600476
8530,3.385906638618043E-4
784,0.3382382183336648
2969,0.5279184563113017
892,0.19666544622525856
5679,2.310205100008779E-5
4650,0.20231213872832376
994,0.35770565950765615
9751,0.2875444839857651
9462,0.0028168230409169642
4958,0.9998802103068449
506,0.5435186196352516
4631,0.13559322033898305
4321,2.9727632303609865E-4
5617,0.804255319148936
7571,0.9957543712685816
6873,0.02702702702702703
7964,0.16849264855618454
4567,0.0985915492957746
7429,0.9956076134699854
3615,0.6004447739065977
8744,0.007094547788268757
1142,0.03324808184143224
6189,0.0030769230769230774
3411,0.30201342281879195
9133,0.005735738867452288
5806,0.9949445565564734
2385,0.0921052631578947
801,0.828752642706131
4672,0.8139534883720929
6530,0.2222222222222222
260,0.027247956403269755
6624,0.45334401281537845
2001,0.0011648223645894002
8403,0.012195121951219516
4935,0.18147975802698924
7264,0.8062636562272397
9714,0.22696654389625667
5903,0.316914498141264
3176,4.0813969842885947E-4
7441,0.19283988578958944
